{
    "disc_diff": -3.15743783078954,
    "mobility": 2.694190411184266,
    "corner_occupancy": -10.633577299075798,
    "corner_adj": -14.77141813175388,
    "frontier": -13.752019442037785
}