{
    "disc_diff": -17.246758807508943,
    "mobility": 3.8734726363632035,
    "corner_occupancy": -15.411712990224355,
    "corner_adj": -7.236633206405481,
    "frontier": 10.54958072927425
}